{
    "type": "FeatureCollection",
    "features": [
        {
            "type": "Feature",
            "geometry": {
                "type": "LineString",
                "coordinates": [
                    [
                        -72.7357010261368,
                        6.702527496252752,
                        0
                    ],
                    [
                        -72.7357634585682,
                        6.702520396372467,
                        0
                    ],
                    [
                        -72.73582572475674,
                        6.702513315173391,
                        0
                    ],
                    [
                        -72.7358780605487,
                        6.702495886632572,
                        0
                    ],
                    [
                        -72.73592967756741,
                        6.702490028645314,
                        0
                    ],
                    [
                        -72.73597088917147,
                        6.702485352333825,
                        0
                    ],
                    [
                        -72.73603256994204,
                        6.702478352559607,
                        0
                    ],
                    [
                        -72.73607359983482,
                        6.702473696417396,
                        0
                    ],
                    [
                        -72.73613500889138,
                        6.702466727463342,
                        0
                    ],
                    [
                        -72.73619625642452,
                        6.70245977698426,
                        0
                    ],
                    [
                        -72.7362366333953,
                        6.702466583376976,
                        0
                    ],
                    [
                        -72.73628768024821,
                        6.702459098062913,
                        0
                    ],
                    [
                        -72.73632815392097,
                        6.702464022086167,
                        0
                    ],
                    [
                        -72.73635866125062,
                        6.702459488211375,
                        0
                    ],
                    [
                        -72.73642904912582,
                        6.70246434803063,
                        0
                    ],
                    [
                        -72.7364590717796,
                        6.702472680315477,
                        0
                    ],
                    [
                        -72.73649934252907,
                        6.702469201117173,
                        0
                    ],
                    [
                        -72.73653939843236,
                        6.702476657227005,
                        0
                    ],
                    [
                        -72.73657958266422,
                        6.702473178469111,
                        0
                    ],
                    [
                        -72.73660955805767,
                        6.702481498099385,
                        0
                    ],
                    [
                        -72.73668981560712,
                        6.702463634545332,
                        0
                    ],
                    [
                        -72.7367198103891,
                        6.702461037729729,
                        0
                    ],
                    [
                        -72.73676978591277,
                        6.702445835117869,
                        0
                    ],
                    [
                        -72.73680964788952,
                        6.702442391612536,
                        0
                    ],
                    [
                        -72.73684945724301,
                        6.702438951631043,
                        0
                    ],
                    [
                        -72.73687928217211,
                        6.702447230957332,
                        0
                    ],
                    [
                        -72.73690913920754,
                        6.702477260724208,
                        0
                    ],
                    [
                        -72.736948973395,
                        6.702504520680421,
                        0
                    ],
                    [
                        -72.73696892091932,
                        6.702523359169765,
                        0
                    ],
                    [
                        -72.73701874005094,
                        6.702549321072005,
                        0
                    ],
                    [
                        -72.73704858589001,
                        6.702556553627295,
                        0
                    ],
                    [
                        -72.73707871349018,
                        6.702596654695616,
                        0
                    ],
                    [
                        -72.73712859672374,
                        6.702613991597896,
                        0
                    ],
                    [
                        -72.73714869047913,
                        6.70263369797202,
                        0
                    ],
                    [
                        -72.73719861414315,
                        6.702651050649425,
                        0
                    ],
                    [
                        -72.73724839211708,
                        6.70265774689851,
                        0
                    ],
                    [
                        -72.73728822720952,
                        6.702665232027549,
                        0
                    ],
                    [
                        -72.73732823895011,
                        6.702683377724258,
                        0
                    ],
                    [
                        -72.73736847379577,
                        6.702712201845697,
                        0
                    ],
                    [
                        -72.73740828334951,
                        6.702719306821777,
                        0
                    ],
                    [
                        -72.73744830575845,
                        6.702737014238771,
                        0
                    ],
                    [
                        -72.73747845337624,
                        6.702755606978934,
                        0
                    ],
                    [
                        -72.73752786597512,
                        6.702751209213572,
                        0
                    ],
                    [
                        -72.73758734434148,
                        6.702756542429155,
                        0
                    ],
                    [
                        -72.73763660412598,
                        6.702752149720733,
                        0
                    ],
                    [
                        -72.73767627824908,
                        6.702759232501396,
                        0
                    ],
                    [
                        -72.73772541788904,
                        6.702754841721995,
                        0
                    ],
                    [
                        -72.73843970729388,
                        6.702506958871377,
                        0
                    ],
                    [
                        -72.7385174586263,
                        6.702363457958938,
                        0
                    ],
                    [
                        -72.73855467809324,
                        6.70230921906388,
                        0
                    ],
                    [
                        -72.73859177139389,
                        6.702254985814023,
                        0
                    ],
                    [
                        -72.73863953334272,
                        6.702198856350076,
                        0
                    ],
                    [
                        -72.73866525791419,
                        6.702147544165097,
                        0
                    ],
                    [
                        -72.73870165464868,
                        6.702094329431524,
                        0
                    ],
                    [
                        -72.73873782378404,
                        6.702041447443142,
                        0
                    ],
                    [
                        -72.7387737360738,
                        6.701988998331076,
                        0
                    ],
                    [
                        -72.73878771796711,
                        6.701942249458862,
                        0
                    ],
                    [
                        -72.73880242230116,
                        6.701884701787004,
                        0
                    ],
                    [
                        -72.73881627525554,
                        6.701838404090827,
                        0
                    ],
                    [
                        -72.73883999446643,
                        6.701800863013631,
                        0
                    ],
                    [
                        -72.73887575651568,
                        6.701739425975823,
                        0
                    ],
                    [
                        -72.73888860637676,
                        6.701704610147473,
                        0
                    ],
                    [
                        -72.73893411345257,
                        6.701651444485353,
                        0
                    ],
                    [
                        -72.73896053649389,
                        6.701587083344826,
                        0
                    ],
                    [
                        -72.7389857312791,
                        6.70153499176335,
                        0
                    ],
                    [
                        -72.73900026770781,
                        6.701485680493651,
                        0
                    ],
                    [
                        -72.73901471736424,
                        6.701436663200328,
                        0
                    ],
                    [
                        -72.73903949148631,
                        6.701385572555556,
                        0
                    ],
                    [
                        -72.73906409697275,
                        6.701334830098101,
                        0
                    ],
                    [
                        -72.73908853563866,
                        6.701284431404537,
                        0
                    ],
                    [
                        -72.73912503520917,
                        6.701208933311983,
                        0
                    ],
                    [
                        -72.73913896174722,
                        6.701161241527782,
                        0
                    ],
                    [
                        -72.73914255249072,
                        6.701116312825206,
                        0
                    ],
                    [
                        -72.73916656581062,
                        6.701066711579371,
                        0
                    ],
                    [
                        -72.73919041304892,
                        6.701017453085824,
                        0
                    ],
                    [
                        -72.73923448002314,
                        6.700963145091993,
                        0
                    ],
                    [
                        -72.73926782950959,
                        6.700920641155356,
                        0
                    ],
                    [
                        -72.73929186326697,
                        6.700869393519574,
                        0
                    ],
                    [
                        -72.73930572169958,
                        6.7008209877538,
                        0
                    ],
                    [
                        -72.73933035572718,
                        6.700759167492315,
                        0
                    ],
                    [
                        -72.73935377507973,
                        6.700709463866873,
                        0
                    ],
                    [
                        -72.73937527004881,
                        6.700682387447495,
                        0
                    ],
                    [
                        -72.73942773971038,
                        6.70062621530557,
                        0
                    ],
                    [
                        -72.7394676015994,
                        6.70060565443262,
                        0
                    ],
                    [
                        -72.73950872978071,
                        6.700563532974601,
                        0
                    ],
                    [
                        -72.73955764049947,
                        6.700541275981213,
                        0
                    ],
                    [
                        -72.73960621411396,
                        6.700519269801682,
                        0
                    ],
                    [
                        -72.73964498484936,
                        6.700499596335155,
                        0
                    ],
                    [
                        -72.73966462302585,
                        6.700484388507735,
                        0
                    ],
                    [
                        -72.7397219027354,
                        6.700460565230247,
                        0
                    ],
                    [
                        -72.73976005296903,
                        6.700441206345264,
                        0
                    ],
                    [
                        -72.73978867349037,
                        6.700424084409504,
                        0
                    ],
                    [
                        -72.73983533338848,
                        6.700412726982866,
                        0
                    ],
                    [
                        -72.73989150785152,
                        6.700388507298704,
                        0
                    ],
                    [
                        -72.73993761237959,
                        6.700377260980694,
                        0
                    ],
                    [
                        -72.73999303907829,
                        6.700353330322155,
                        0
                    ],
                    [
                        -72.74003896985374,
                        6.700331784463001,
                        0
                    ],
                    [
                        -72.7400759220255,
                        6.700302162120204,
                        0
                    ],
                    [
                        -72.74011196674809,
                        6.700293454082495,
                        0
                    ],
                    [
                        -72.74016576310842,
                        6.700280405819232,
                        0
                    ],
                    [
                        -72.74020144738911,
                        6.70027171722899,
                        0
                    ],
                    [
                        -72.74024608395818,
                        6.700250564792053,
                        0
                    ],
                    [
                        -72.74028162497045,
                        6.70023168341167,
                        0
                    ],
                    [
                        -72.74029961635837,
                        6.700206891201397,
                        0
                    ],
                    [
                        -72.74033516568123,
                        6.700167840987839,
                        0
                    ],
                    [
                        -72.74036189655182,
                        6.700121068164843,
                        0
                    ],
                    [
                        -72.74038826460117,
                        6.700084732594739,
                        0
                    ],
                    [
                        -72.74040597198864,
                        6.700040690051329,
                        0
                    ],
                    [
                        -72.74041499710613,
                        6.69999895498985,
                        0
                    ],
                    [
                        -72.74043247711805,
                        6.699955551435271,
                        0
                    ],
                    [
                        -72.74044135046297,
                        6.699914392735118,
                        0
                    ],
                    [
                        -72.74045860775375,
                        6.699871614898191,
                        0
                    ],
                    [
                        -72.74048412557377,
                        6.699827461784777,
                        0
                    ],
                    [
                        -72.74049267105798,
                        6.699797011489937,
                        0
                    ],
                    [
                        -72.74051790492385,
                        6.69974450229702,
                        0
                    ],
                    [
                        -72.7405346122856,
                        6.699703469870886,
                        0
                    ],
                    [
                        -72.74061536257922,
                        6.699632184514519,
                        0
                    ],
                    [
                        -72.74069898691029,
                        6.699598215799781,
                        0
                    ],
                    [
                        -72.74074365019526,
                        6.699589974078894,
                        0
                    ],
                    [
                        -72.74077923239109,
                        6.699583407697517,
                        0
                    ],
                    [
                        -72.74082352587045,
                        6.699575234305228,
                        0
                    ],
                    [
                        -72.74086520425008,
                        6.699586057792845,
                        0
                    ],
                    [
                        -72.74089920896473,
                        6.699589010241367,
                        0
                    ],
                    [
                        -72.7409308652383,
                        6.699610861477317,
                        0
                    ],
                    [
                        -72.7409560357472,
                        6.699615396929207,
                        0
                    ],
                    [
                        -72.74098774431384,
                        6.699637170519455,
                        0
                    ],
                    [
                        -72.74101947818451,
                        6.699658962053867,
                        0
                    ],
                    [
                        -72.741056404712,
                        6.699633479414155,
                        0
                    ],
                    [
                        -72.74109108669563,
                        6.699626939325244,
                        0
                    ],
                    [
                        -72.74113718628585,
                        6.699590667039269,
                        0
                    ],
                    [
                        -72.74117333239694,
                        6.699565770244914,
                        0
                    ],
                    [
                        -72.74120796918012,
                        6.699551327499563,
                        0
                    ],
                    [
                        -72.74124338657833,
                        6.699527577035316,
                        0
                    ],
                    [
                        -72.74128542751319,
                        6.699520484174746,
                        0
                    ],
                    [
                        -72.74132125130345,
                        6.69948782616037,
                        0
                    ],
                    [
                        -72.74135458064191,
                        6.69948224582623,
                        0
                    ],
                    [
                        -72.74138096009008,
                        6.699460195390559,
                        0
                    ],
                    [
                        -72.74141475520901,
                        6.699445781085896,
                        0
                    ],
                    [
                        -72.74145795445818,
                        6.699412370942201,
                        0
                    ],
                    [
                        -72.7414831867636,
                        6.699399500135363,
                        0
                    ],
                    [
                        -72.74151772587975,
                        6.699367798595176,
                        0
                    ],
                    [
                        -72.74155201590753,
                        6.699336325820268,
                        0
                    ],
                    [
                        -72.74157053441883,
                        6.699299009434213,
                        0
                    ],
                    [
                        -72.74160327185368,
                        6.699285226472071,
                        0
                    ],
                    [
                        -72.74162895273462,
                        6.699255605720962,
                        0
                    ],
                    [
                        -72.74166985372943,
                        6.69923219859297,
                        0
                    ],
                    [
                        -72.74170257753451,
                        6.699210185381475,
                        0
                    ],
                    [
                        -72.7417267600641,
                        6.699197991919828,
                        0
                    ],
                    [
                        -72.7417665695734,
                        6.699183391144817,
                        0
                    ],
                    [
                        -72.74179095815657,
                        6.699162891838914,
                        0
                    ],
                    [
                        -72.7418377859583,
                        6.699155624306486,
                        0
                    ],
                    [
                        -72.74185370608149,
                        6.699144989965678,
                        0
                    ],
                    [
                        -72.74189959866985,
                        6.699141296347826,
                        0
                    ],
                    [
                        -72.74193046468908,
                        6.699130533960073,
                        0
                    ],
                    [
                        -72.74196093112057,
                        6.699128088715525,
                        0
                    ],
                    [
                        -72.74198374934718,
                        6.699126257071274,
                        0
                    ],
                    [
                        -72.74202171955672,
                        6.699123209694277,
                        0
                    ],
                    [
                        -72.74205961492737,
                        6.699120167813683,
                        0
                    ],
                    [
                        -72.74208208341102,
                        6.69912661053587,
                        0
                    ],
                    [
                        -72.74211967500669,
                        6.699131833626365,
                        0
                    ],
                    [
                        -72.74214969181598,
                        6.699137663583101,
                        0
                    ],
                    [
                        -72.74217197944579,
                        6.699152387011362,
                        0
                    ],
                    [
                        -72.74222448255487,
                        6.699164662474159,
                        0
                    ],
                    [
                        -72.7422771910671,
                        6.699160352490822,
                        0
                    ],
                    [
                        -72.74231471725784,
                        6.699164358903928,
                        0
                    ],
                    [
                        -72.74235975179064,
                        6.699158918251399,
                        0
                    ],
                    [
                        -72.7423896284417,
                        6.699171122802785,
                        0
                    ],
                    [
                        -72.7424195267839,
                        6.699167492257573,
                        0
                    ],
                    [
                        -72.74244190492206,
                        6.699164775366186,
                        0
                    ],
                    [
                        -72.74249396998869,
                        6.699158453430877,
                        0
                    ],
                    [
                        -72.74252366793371,
                        6.699162725714346,
                        0
                    ],
                    [
                        -72.74255329361338,
                        6.699159751306613,
                        0
                    ],
                    [
                        -72.74257549570466,
                        6.699157994919027,
                        0
                    ],
                    [
                        -72.74261991617846,
                        6.699162346185514,
                        0
                    ],
                    [
                        -72.7426420548926,
                        6.69916059034949,
                        0
                    ],
                    [
                        -72.74267914212757,
                        6.699173381656424,
                        0
                    ],
                    [
                        -72.74270873506791,
                        6.699178895464155,
                        0
                    ],
                    [
                        -72.74273846828149,
                        6.699192278451365,
                        0
                    ],
                    [
                        -72.74276788110318,
                        6.699189915877312,
                        0
                    ],
                    [
                        -72.74279027261662,
                        6.699203889022788,
                        0
                    ],
                    [
                        -72.74282737361582,
                        6.699216684044067,
                        0
                    ],
                    [
                        -72.74286404396183,
                        6.699213709173472,
                        0
                    ],
                    [
                        -72.74290112257351,
                        6.699226495181485,
                        0
                    ],
                    [
                        -72.74293063920396,
                        6.699231991922379,
                        0
                    ],
                    [
                        -72.74297447356801,
                        6.699228409323528,
                        0
                    ],
                    [
                        -72.74301122274976,
                        6.69923330127056,
                        0
                    ],
                    [
                        -72.74304762704729,
                        6.699230318422692,
                        0
                    ],
                    [
                        -72.74320600354739,
                        6.699016268121433,
                        0
                    ],
                    [
                        -72.74331183062581,
                        6.698752284880106,
                        0
                    ],
                    [
                        -72.74333682615007,
                        6.698569322137325,
                        0
                    ],
                    [
                        -72.74334486118666,
                        6.698487031567705,
                        0
                    ],
                    [
                        -72.74333586844475,
                        6.698435860517203,
                        0
                    ],
                    [
                        -72.74335526643137,
                        6.698356716043821,
                        0
                    ],
                    [
                        -72.74333789368893,
                        6.698321220626884,
                        0
                    ],
                    [
                        -72.7433176221308,
                        6.698269101654893,
                        0
                    ],
                    [
                        -72.7433203415344,
                        6.698220721338851,
                        0
                    ],
                    [
                        -72.7433219212145,
                        6.698153644732974,
                        0
                    ],
                    [
                        -72.74333646196816,
                        6.698086690260812,
                        0
                    ],
                    [
                        -72.74336262542899,
                        6.698021503293261,
                        0
                    ],
                    [
                        -72.74338976014118,
                        6.69797537465727,
                        0
                    ],
                    [
                        -72.74343450410448,
                        6.69789931132952,
                        0
                    ],
                    [
                        -72.74348741713872,
                        6.697809360602401,
                        0
                    ],
                    [
                        -72.74353087628155,
                        6.697735480939382,
                        0
                    ],
                    [
                        -72.7435652352662,
                        6.697677070973949,
                        0
                    ],
                    [
                        -72.74359923836434,
                        6.697619266607297,
                        0
                    ],
                    [
                        -72.74363289016972,
                        6.697562059614802,
                        0
                    ],
                    [
                        -72.74368095391495,
                        6.697479693246152,
                        0
                    ],
                    [
                        -72.74371220752542,
                        6.69742597531658,
                        0
                    ],
                    [
                        -72.74374316645584,
                        6.697372764361474,
                        0
                    ],
                    [
                        -72.74376619442295,
                        6.697333184756317,
                        0
                    ],
                    [
                        -72.74381930086406,
                        6.697241907305477,
                        0
                    ],
                    [
                        -72.7438492597908,
                        6.697190414891668,
                        0
                    ],
                    [
                        -72.74390102496965,
                        6.697101442655338,
                        0
                    ],
                    [
                        -72.74393749179052,
                        6.697038767189301,
                        0
                    ],
                    [
                        -72.7439663664001,
                        6.696989138323959,
                        0
                    ],
                    [
                        -72.74400209170467,
                        6.696927735089287,
                        0
                    ],
                    [
                        -72.74405125180091,
                        6.696899677065253,
                        0
                    ],
                    [
                        -72.74409541321322,
                        6.696898809684693,
                        0
                    ],
                    [
                        -72.74413252346405,
                        6.696910051031182,
                        0
                    ],
                    [
                        -72.7441881196381,
                        6.696926893218516,
                        0
                    ],
                    [
                        -72.74421588719913,
                        6.696935304343587,
                        0
                    ],
                    [
                        -72.74423250006804,
                        6.696983056461979,
                        0
                    ],
                    [
                        -72.74426281182583,
                        6.69700651457582,
                        0
                    ],
                    [
                        -72.7443133601628,
                        6.696993251022669,
                        0
                    ],
                    [
                        -72.74433853087156,
                        6.696986646229548,
                        0
                    ],
                    [
                        -72.74440839379352,
                        6.696937202386017,
                        0
                    ],
                    [
                        -72.74446716911012,
                        6.696927039129701,
                        0
                    ],
                    [
                        -72.74452203423162,
                        6.696943536735046,
                        0
                    ],
                    [
                        -72.74458353332489,
                        6.69694740801829,
                        0
                    ],
                    [
                        -72.74462606594315,
                        6.696946629091229,
                        0
                    ],
                    [
                        -72.7446592427166,
                        6.696943353375566,
                        0
                    ],
                    [
                        -72.74472234395951,
                        6.696922302574793,
                        0
                    ],
                    [
                        -72.74474625951925,
                        6.696916259232671,
                        0
                    ],
                    [
                        -72.744796774136,
                        6.696878203639084,
                        0
                    ],
                    [
                        -72.74482948960706,
                        6.696834260615052,
                        0
                    ],
                    [
                        -72.74485365437575,
                        6.696787008458358,
                        0
                    ],
                    [
                        -72.74486887536015,
                        6.696737300725872,
                        0
                    ],
                    [
                        -72.74488396322403,
                        6.696688026894233,
                        0
                    ],
                    [
                        -72.74488751540758,
                        6.696622031977301,
                        0
                    ],
                    [
                        -72.7448879058287,
                        6.696582197322175,
                        0
                    ],
                    [
                        -72.74487020663277,
                        6.696538293380272,
                        0
                    ],
                    [
                        -72.74486103883292,
                        6.696497674640212,
                        0
                    ],
                    [
                        -72.74486070449727,
                        6.696459766833122,
                        0
                    ],
                    [
                        -72.74486877221956,
                        6.696387087897249,
                        0
                    ],
                    [
                        -72.74486540203164,
                        6.6963366197543,
                        0
                    ],
                    [
                        -72.74489367257533,
                        6.696283375085589,
                        0
                    ],
                    [
                        -72.74490187405894,
                        6.696249214585234,
                        0
                    ],
                    [
                        -72.744935260565,
                        6.696186449783242,
                        0
                    ],
                    [
                        -72.74495822192304,
                        6.696143693903698,
                        0
                    ],
                    [
                        -72.74498179461418,
                        6.696100144679864,
                        0
                    ],
                    [
                        -72.74500011798634,
                        6.696030369690165,
                        0
                    ],
                    [
                        -72.74500417606538,
                        6.69596947234048,
                        0
                    ],
                    [
                        -72.74501142573247,
                        6.69588583104163,
                        0
                    ],
                    [
                        -72.74500073992937,
                        6.695870288719223,
                        0
                    ],
                    [
                        -72.74499658200993,
                        6.695808498868456,
                        0
                    ],
                    [
                        -72.74497530075413,
                        6.695777885603157,
                        0
                    ],
                    [
                        -72.74493988982567,
                        6.695755360490081,
                        0
                    ],
                    [
                        -72.74491847232612,
                        6.695725273187785,
                        0
                    ],
                    [
                        -72.74492495475334,
                        6.695680284688084,
                        0
                    ],
                    [
                        -72.74490450204954,
                        6.695615914908794,
                        0
                    ],
                    [
                        -72.74488907476469,
                        6.695576594447981,
                        0
                    ],
                    [
                        -72.74487942699209,
                        6.695527800131161,
                        0
                    ],
                    [
                        -72.74486655428724,
                        6.695501073738785,
                        0
                    ],
                    [
                        -72.74485386060954,
                        6.695474285243757,
                        0
                    ],
                    [
                        -72.7448455035518,
                        6.695424980767878,
                        0
                    ],
                    [
                        -72.74483132747517,
                        6.695385742827488,
                        0
                    ],
                    [
                        -72.74481133488364,
                        6.695356345199005,
                        0
                    ],
                    [
                        -72.74478148346373,
                        6.695312450859894,
                        0
                    ],
                    [
                        -72.74475757638815,
                        6.695305008126919,
                        0
                    ],
                    [
                        -72.74473147430461,
                        6.695285759159056,
                        0
                    ],
                    [
                        -72.7447033751138,
                        6.695254653108551,
                        0
                    ],
                    [
                        -72.74468933983513,
                        6.695216717670893,
                        0
                    ],
                    [
                        -72.74468334357557,
                        6.695181435388125,
                        0
                    ],
                    [
                        -72.74467142144445,
                        6.695155595105892,
                        0
                    ],
                    [
                        -72.74466747463785,
                        6.695132284342081,
                        0
                    ],
                    [
                        -72.744671493403,
                        6.695067762125056,
                        0
                    ],
                    [
                        -72.74467937603136,
                        6.695026806124076,
                        0
                    ],
                    [
                        -72.74467156376348,
                        6.694981351213368,
                        0
                    ],
                    [
                        -72.74465987744,
                        6.694956336036454,
                        0
                    ],
                    [
                        -72.74465995907804,
                        6.694913830356017,
                        0
                    ],
                    [
                        -72.74466004012922,
                        6.694871665011573,
                        0
                    ],
                    [
                        -72.74466783049073,
                        6.694832244752553,
                        0
                    ],
                    [
                        -72.74468882358444,
                        6.694787170418624,
                        0
                    ],
                    [
                        -72.74468783776938,
                        6.69474693650842,
                        0
                    ],
                    [
                        -72.74470766447112,
                        6.694703504247433,
                        0
                    ],
                    [
                        -72.74470678350401,
                        6.694663773967314,
                        0
                    ],
                    [
                        -72.74470059135811,
                        6.694632267264866,
                        0
                    ],
                    [
                        -72.74469443242401,
                        6.694600929657531,
                        0
                    ],
                    [
                        -72.74468081772764,
                        6.694567358741375,
                        0
                    ],
                    [
                        -72.74468765150282,
                        6.694530857917808,
                        0
                    ],
                    [
                        -72.74467071292699,
                        6.694515783486541,
                        0
                    ],
                    [
                        -72.74466069738234,
                        6.694464665208708,
                        0
                    ],
                    [
                        -72.74466555618324,
                        6.694418775457748,
                        0
                    ],
                    [
                        -72.74464531983631,
                        6.694301918267448,
                        0
                    ],
                    [
                        -72.74466728997552,
                        6.694234093269694,
                        0
                    ],
                    [
                        -72.74465567516106,
                        6.694201574568055,
                        0
                    ],
                    [
                        -72.74465100175968,
                        6.694142058166253,
                        0
                    ],
                    [
                        -72.74465598582049,
                        6.694085128856177,
                        0
                    ],
                    [
                        -72.74466166066478,
                        6.694027938638537,
                        0
                    ],
                    [
                        -72.74467629138222,
                        6.693973908898065,
                        0
                    ],
                    [
                        -72.7447167417661,
                        6.693913619193056,
                        0
                    ],
                    [
                        -72.7447487188969,
                        6.693865958697278,
                        0
                    ],
                    [
                        -72.74478230881547,
                        6.693847482440994,
                        0
                    ],
                    [
                        -72.74484218377418,
                        6.693836842970747,
                        0
                    ],
                    [
                        -72.74488626601155,
                        6.693849708961968,
                        0
                    ],
                    [
                        -72.74492148568277,
                        6.693859988605666,
                        0
                    ],
                    [
                        -72.74496427038704,
                        6.693858509843703,
                        0
                    ],
                    [
                        -72.74501564708247,
                        6.693859596089464,
                        0
                    ],
                    [
                        -72.7450668160574,
                        6.693860677098919,
                        0
                    ],
                    [
                        -72.74510037010984,
                        6.693856657047526,
                        0
                    ],
                    [
                        -72.74514387276636,
                        6.69386939418583,
                        0
                    ],
                    [
                        -72.74520177964334,
                        6.693858819150269,
                        0
                    ],
                    [
                        -72.74524919156369,
                        6.693831702282766,
                        0
                    ],
                    [
                        -72.74529408615618,
                        6.693791555615133,
                        0
                    ],
                    [
                        -72.74534144194763,
                        6.693729665466018,
                        0
                    ],
                    [
                        -72.74540401840508,
                        6.693674831315609,
                        0
                    ],
                    [
                        -72.74545945344354,
                        6.69363125372795,
                        0
                    ],
                    [
                        -72.74548611902067,
                        6.693602888460649,
                        0
                    ],
                    [
                        -72.74552210309291,
                        6.693591237867378,
                        0
                    ],
                    [
                        -72.74557014805828,
                        6.693558941931495,
                        0
                    ],
                    [
                        -72.7456255338605,
                        6.693529976351576,
                        0
                    ],
                    [
                        -72.74567268078057,
                        6.69349824733168,
                        0
                    ],
                    [
                        -72.74572524892284,
                        6.693456729646475,
                        0
                    ],
                    [
                        -72.74575037234541,
                        6.693429643362297,
                        0
                    ],
                    [
                        -72.74580181303227,
                        6.693389167440824,
                        0
                    ],
                    [
                        -72.74583946285621,
                        6.693355995360033,
                        0
                    ],
                    [
                        -72.74586920437467,
                        6.693320181390949,
                        0
                    ],
                    [
                        -72.74588567411017,
                        6.693291332519026,
                        0
                    ],
                    [
                        -72.74588489049674,
                        6.693244431356323,
                        0
                    ],
                    [
                        -72.74586367363625,
                        6.693201542319146,
                        0
                    ],
                    [
                        -72.7458575492673,
                        6.693164702386578,
                        0
                    ],
                    [
                        -72.74584400712432,
                        6.693125211030647,
                        0
                    ],
                    [
                        -72.74583598241092,
                        6.693076766159376,
                        0
                    ],
                    [
                        -72.74582260498124,
                        6.693037834815559,
                        0
                    ],
                    [
                        -72.745816690465,
                        6.693001997257796,
                        0
                    ],
                    [
                        -72.7458108122707,
                        6.69296638154338,
                        0
                    ],
                    [
                        -72.74579416181521,
                        6.692948873831578,
                        0
                    ],
                    [
                        -72.74577389864787,
                        6.692907703367112,
                        0
                    ],
                    [
                        -72.74576126756088,
                        6.692869392200634,
                        0
                    ],
                    [
                        -72.74574327353199,
                        6.692840117976844,
                        0
                    ],
                    [
                        -72.74572535582882,
                        6.692810968278589,
                        0
                    ],
                    [
                        -72.74570204599658,
                        6.692790657422812,
                        0
                    ],
                    [
                        -72.74569691500096,
                        6.692755921318541,
                        0
                    ],
                    [
                        -72.74567213003526,
                        6.692724183619792,
                        0
                    ],
                    [
                        -72.745667383655,
                        6.692689569776475,
                        0
                    ],
                    [
                        -72.7456516114235,
                        6.692672312182513,
                        0
                    ],
                    [
                        -72.7456216942874,
                        6.6926493313446,
                        0
                    ],
                    [
                        -72.74559742898911,
                        6.692617893008579,
                        0
                    ],
                    [
                        -72.74557473793361,
                        6.692597919949847,
                        0
                    ],
                    [
                        -72.74555770377306,
                        6.692569560315931,
                        0
                    ],
                    [
                        -72.74553513090675,
                        6.692549706312231,
                        0
                    ],
                    [
                        -72.74550696727293,
                        6.692538267363917,
                        0
                    ],
                    [
                        -72.7454967385629,
                        6.692513368927336,
                        0
                    ],
                    [
                        -72.74547776822835,
                        6.69248731998367,
                        0
                    ],
                    [
                        -72.74544193583802,
                        6.692445982099168,
                        0
                    ],
                    [
                        -72.74541755401239,
                        6.692428220515439,
                        0
                    ],
                    [
                        -72.7454099218593,
                        6.692386322691534,
                        0
                    ],
                    [
                        -72.74539867790939,
                        6.69236307458581,
                        0
                    ],
                    [
                        -72.74540045647623,
                        6.692334360166177,
                        0
                    ],
                    [
                        -72.74537813348041,
                        6.692288309306971,
                        0
                    ],
                    [
                        -72.74537810267398,
                        6.692249755455992,
                        0
                    ],
                    [
                        -72.74536703508639,
                        6.692226985518302,
                        0
                    ],
                    [
                        -72.74535787399105,
                        6.692176365370734,
                        0
                    ],
                    [
                        -72.7453524146215,
                        6.692146201732332,
                        0
                    ],
                    [
                        -72.74533968048807,
                        6.692113804350366,
                        0
                    ],
                    [
                        -72.74531420288801,
                        6.692086722818832,
                        0
                    ],
                    [
                        -72.7452960840479,
                        6.692062103105049,
                        0
                    ],
                    [
                        -72.74526955377652,
                        6.692036035671123,
                        0
                    ],
                    [
                        -72.74524195155325,
                        6.69201083220376,
                        0
                    ],
                    [
                        -72.74523335742387,
                        6.691972857263901,
                        0
                    ],
                    [
                        -72.74522135083087,
                        6.691951900700146,
                        0
                    ],
                    [
                        -72.74521843772541,
                        6.691906932877712,
                        0
                    ],
                    [
                        -72.74521977392438,
                        6.691880941579205,
                        0
                    ],
                    [
                        -72.74519809761199,
                        6.691848897135716,
                        0
                    ],
                    [
                        -72.74518624389219,
                        6.691828282480803,
                        0
                    ],
                    [
                        -72.74517441881228,
                        6.691807717456616,
                        0
                    ],
                    [
                        -72.74514730535712,
                        6.691783064087285,
                        0
                    ],
                    [
                        -72.74512789297246,
                        6.691760520802318,
                        0
                    ],
                    [
                        -72.74511617226781,
                        6.691740097317761,
                        0
                    ],
                    [
                        -72.74508352801591,
                        6.691722629295791,
                        0
                    ],
                    [
                        -72.7450755352778,
                        6.691686129942431,
                        0
                    ],
                    [
                        -72.74506392277235,
                        6.691665874165814,
                        0
                    ],
                    [
                        -72.74504470711742,
                        6.691643579160821,
                        0
                    ],
                    [
                        -72.7450255288562,
                        6.69162132700976,
                        0
                    ],
                    [
                        -72.74501611608504,
                        6.691586269410614,
                        0
                    ],
                    [
                        -72.74499872511515,
                        6.691549523862314,
                        0
                    ],
                    [
                        -72.74540888342838,
                        6.691413918359684,
                        0
                    ],
                    [
                        -72.74564416372984,
                        6.691254435957971,
                        0
                    ],
                    [
                        -72.7458906306991,
                        6.691169481848489,
                        0
                    ],
                    [
                        -72.74597725660998,
                        6.691142508773051,
                        0
                    ],
                    [
                        -72.74604800864199,
                        6.691110961341262,
                        0
                    ],
                    [
                        -72.74613471691808,
                        6.691082560160681,
                        0
                    ],
                    [
                        -72.74622082200591,
                        6.691054357194661,
                        0
                    ],
                    [
                        -72.74630024944769,
                        6.691003579717824,
                        0
                    ],
                    [
                        -72.74639923026454,
                        6.690982065090908,
                        0
                    ],
                    [
                        -72.74645552512472,
                        6.690974436881568,
                        0
                    ],
                    [
                        -72.74656755409856,
                        6.690959257292157,
                        0
                    ],
                    [
                        -72.74665854942931,
                        6.690915620330724,
                        0
                    ],
                    [
                        -72.74672901342713,
                        6.690912379591143,
                        0
                    ],
                    [
                        -72.7468338326788,
                        6.69087338965827,
                        0
                    ],
                    [
                        -72.74690355334127,
                        6.69087024604099,
                        0
                    ],
                    [
                        -72.74698256836155,
                        6.690847278819407,
                        0
                    ],
                    [
                        -72.7470908538708,
                        6.690832788726491,
                        0
                    ],
                    [
                        -72.7471595607126,
                        6.690829742605318,
                        0
                    ],
                    [
                        -72.74726710131326,
                        6.690814681964143,
                        0
                    ],
                    [
                        -72.74734448727841,
                        6.690791534144092,
                        0
                    ],
                    [
                        -72.74741243326207,
                        6.69075120428263,
                        0
                    ],
                    [
                        -72.74748828112779,
                        6.690692738695239,
                        0
                    ],
                    [
                        -72.74754182149746,
                        6.690646808742382,
                        0
                    ],
                    [
                        -72.74760068136844,
                        6.690624720970778,
                        0
                    ],
                    [
                        -72.74769846886903,
                        6.69055133994431,
                        0
                    ],
                    [
                        -72.74775112779332,
                        6.690505585004605,
                        0
                    ],
                    [
                        -72.74780343773377,
                        6.690460134262482,
                        0
                    ],
                    [
                        -72.74790442429031,
                        6.69041226419716,
                        0
                    ],
                    [
                        -72.74796939842902,
                        6.690372710108115,
                        0
                    ],
                    [
                        -72.74806418829908,
                        6.690300132408011,
                        0
                    ],
                    [
                        -72.74813208490531,
                        6.690215822321846,
                        0
                    ],
                    [
                        -72.74818343931982,
                        6.690169171747814,
                        0
                    ],
                    [
                        -72.74825589124245,
                        6.690108933375798,
                        0
                    ],
                    [
                        -72.74830043053868,
                        6.690040692917741,
                        0
                    ],
                    [
                        -72.74839191460039,
                        6.689969815327363,
                        0
                    ],
                    [
                        -72.74846682442377,
                        6.689936817418962,
                        0
                    ],
                    [
                        -72.7485408845106,
                        6.689868147796735,
                        0
                    ],
                    [
                        -72.74862118524365,
                        6.689819875222978,
                        0
                    ],
                    [
                        -72.74870080957831,
                        6.689772009559232,
                        0
                    ],
                    [
                        -72.74876750475218,
                        6.689718053259474,
                        0
                    ],
                    [
                        -72.74880044158412,
                        6.689673301005959,
                        0
                    ],
                    [
                        -72.7488801020046,
                        6.689622344208277,
                        0
                    ],
                    [
                        -72.74893935306628,
                        6.68958444310877,
                        0
                    ],
                    [
                        -72.74901047559318,
                        6.689515657635141,
                        0
                    ],
                    [
                        -72.74906874439273,
                        6.689478465905743,
                        0
                    ],
                    [
                        -72.74912660581028,
                        6.689441534438225,
                        0
                    ],
                    [
                        -72.7491840634962,
                        6.689404861058899,
                        0
                    ],
                    [
                        -72.74923385280694,
                        6.689350155709314,
                        0
                    ],
                    [
                        -72.74927894029597,
                        6.68934430347507,
                        0
                    ],
                    [
                        -72.74935408182229,
                        6.689296286044116,
                        0
                    ],
                    [
                        -72.74942348502186,
                        6.689262000710016,
                        0
                    ],
                    [
                        -72.74949327978386,
                        6.689225188916487,
                        0
                    ],
                    [
                        -72.74955656714492,
                        6.689204862619746,
                        0
                    ],
                    [
                        -72.74959523687501,
                        6.689213133568044,
                        0
                    ],
                    [
                        -72.7496651499667,
                        6.68921126607837,
                        0
                    ],
                    [
                        -72.74972918473736,
                        6.689224985929093,
                        0
                    ],
                    [
                        -72.7497930293785,
                        6.689238665454376,
                        0
                    ],
                    [
                        -72.74985668692786,
                        6.689252304820258,
                        0
                    ],
                    [
                        -72.74992015671636,
                        6.689265903601209,
                        0
                    ],
                    [
                        -72.74999607468347,
                        6.689282170319305,
                        0
                    ],
                    [
                        -72.7500568742558,
                        6.689261949980406,
                        0
                    ],
                    [
                        -72.75008993679197,
                        6.689202966488559,
                        0
                    ],
                    [
                        -72.75013468701826,
                        6.689149131399533,
                        0
                    ],
                    [
                        -72.75018145430256,
                        6.68912894716549,
                        0
                    ],
                    [
                        -72.75023770115818,
                        6.689079118829431,
                        0
                    ],
                    [
                        -72.75030819513896,
                        6.689065755866109,
                        0
                    ],
                    [
                        -72.7503708191165,
                        6.689034742233821,
                        0
                    ],
                    [
                        -72.75044490394743,
                        6.689007777353306,
                        0
                    ],
                    [
                        -72.75049916005653,
                        6.688959309430191,
                        0
                    ],
                    [
                        -72.75054844569866,
                        6.688925854664705,
                        0
                    ],
                    [
                        -72.75057375130241,
                        6.688885646128717,
                        0
                    ],
                    [
                        -72.75064302101808,
                        6.688827298222122,
                        0
                    ],
                    [
                        -72.75067954037026,
                        6.688791201136073,
                        0
                    ],
                    [
                        -72.75072749359015,
                        6.688758802651637,
                        0
                    ],
                    [
                        -72.75076772745801,
                        6.688709013945582,
                        0
                    ],
                    [
                        -72.75081174406105,
                        6.68864589911294,
                        0
                    ],
                    [
                        -72.75085861478617,
                        6.688614766222751,
                        0
                    ],
                    [
                        -72.75088962493776,
                        6.68859459969007,
                        0
                    ],
                    [
                        -72.75095518233648,
                        6.688541152981106,
                        0
                    ],
                    [
                        -72.75101237768453,
                        6.688514845551905,
                        0
                    ],
                    [
                        -72.75105789314834,
                        6.688485273013962,
                        0
                    ],
                    [
                        -72.75110688835214,
                        6.688442697050268,
                        0
                    ],
                    [
                        -72.75117054733363,
                        6.688433511948527,
                        0
                    ],
                    [
                        -72.75117423493118,
                        6.688420390743248,
                        0
                    ],
                    [
                        -72.7513925051493,
                        6.688368467304809,
                        0
                    ],
                    [
                        -72.75162716568616,
                        6.688240106204157,
                        0
                    ],
                    [
                        -72.75173563050714,
                        6.688177582666132,
                        0
                    ],
                    [
                        -72.75181457452463,
                        6.688152452987135,
                        0
                    ],
                    [
                        -72.75188592440043,
                        6.688111260990124,
                        0
                    ],
                    [
                        -72.75194990114915,
                        6.688087858610585,
                        0
                    ],
                    [
                        -72.7520204772168,
                        6.688047071358897,
                        0
                    ],
                    [
                        -72.75212682107392,
                        6.688018812788069,
                        0
                    ],
                    [
                        -72.75220276865959,
                        6.687961596708489,
                        0
                    ],
                    [
                        -72.7523049549847,
                        6.687903519892199,
                        0
                    ],
                    [
                        -72.75237185096582,
                        6.687866105196804,
                        0
                    ],
                    [
                        -72.75243278388099,
                        6.687844885077224,
                        0
                    ],
                    [
                        -72.7525072658033,
                        6.687822454544091,
                        0
                    ],
                    [
                        -72.75256773080842,
                        6.68780139142704,
                        0
                    ],
                    [
                        -72.75260888502076,
                        6.687797552867698,
                        0
                    ],
                    [
                        -72.75266902832092,
                        6.68777658372091,
                        0
                    ],
                    [
                        -72.75272895992532,
                        6.687755688589166,
                        0
                    ],
                    [
                        -72.75278868141196,
                        6.687734866091954,
                        0
                    ],
                    [
                        -72.75284297265627,
                        6.687729940558024,
                        0
                    ],
                    [
                        -72.75290982343336,
                        6.687725140976417,
                        0
                    ],
                    [
                        -72.75297656600416,
                        6.687720347763435,
                        0
                    ],
                    [
                        -72.75301656084353,
                        6.687717477022774,
                        0
                    ],
                    [
                        -72.75307885938696,
                        6.687727377922942,
                        0
                    ],
                    [
                        -72.7531462274164,
                        6.687721253870721,
                        0
                    ],
                    [
                        -72.75319544276094,
                        6.68773169281174,
                        0
                    ],
                    [
                        -72.75324012207977,
                        6.687757502338526,
                        0
                    ],
                    [
                        -72.75330734489778,
                        6.687751347791645,
                        0
                    ],
                    [
                        -72.7533476871567,
                        6.687792595345265,
                        0
                    ],
                    [
                        -72.75338801225386,
                        6.687788876014012,
                        0
                    ],
                    [
                        -72.75345511520676,
                        6.687782688268651,
                        0
                    ],
                    [
                        -72.75350870351447,
                        6.68777774777592,
                        0
                    ],
                    [
                        -72.75357557085938,
                        6.68777158216959,
                        0
                    ],
                    [
                        -72.75364230811678,
                        6.68776542839856,
                        0
                    ],
                    [
                        -72.75369054181859,
                        6.687731145532197,
                        0
                    ],
                    [
                        -72.75374781718045,
                        6.687710884655004,
                        0
                    ],
                    [
                        -72.75382812339203,
                        6.687702066340109,
                        0
                    ],
                    [
                        -72.75388153954906,
                        6.687696201540561,
                        0
                    ],
                    [
                        -72.75392530024178,
                        6.687676895217923,
                        0
                    ],
                    [
                        -72.75400874115104,
                        6.687653296538337,
                        0
                    ],
                    [
                        -72.75406899029721,
                        6.687617895619261,
                        0
                    ],
                    [
                        -72.75412179982935,
                        6.687612148696779,
                        0
                    ],
                    [
                        -72.75416839540638,
                        6.687578404170291,
                        0
                    ],
                    [
                        -72.75422427375096,
                        6.68755831593623,
                        0
                    ],
                    [
                        -72.75426317930891,
                        6.687554882371623,
                        0
                    ],
                    [
                        -72.75432458645884,
                        6.687563732771865,
                        0
                    ],
                    [
                        -72.75438926757388,
                        6.68755801153943,
                        0
                    ],
                    [
                        -72.75443768527758,
                        6.68756799730246,
                        0
                    ],
                    [
                        -72.75451509502372,
                        6.687561134251151,
                        0
                    ],
                    [
                        -72.75455059329052,
                        6.687572254742014,
                        0
                    ],
                    [
                        -72.75460814298705,
                        6.687597053266556,
                        0
                    ],
                    [
                        -72.75465920544357,
                        6.687593443044831,
                        0
                    ],
                    [
                        -72.75472604341041,
                        6.687574145584951,
                        0
                    ],
                    [
                        -72.75477996350388,
                        6.687555803431636,
                        0
                    ],
                    [
                        -72.75484937042422,
                        6.687521939142733,
                        0
                    ],
                    [
                        -72.7549216390797,
                        6.687472916512101,
                        0
                    ],
                    [
                        -72.75498828362117,
                        6.687451920883027,
                        0
                    ],
                    [
                        -72.7550419802816,
                        6.68743226529173,
                        0
                    ],
                    [
                        -72.75511805747783,
                        6.687424718408852,
                        0
                    ],
                    [
                        -72.75516867140249,
                        6.687419696762617,
                        0
                    ],
                    [
                        -72.75524443509694,
                        6.687412181367544,
                        0
                    ],
                    [
                        -72.75531744234272,
                        6.687419191537812,
                        0
                    ],
                    [
                        -72.75539290243304,
                        6.687411688038795,
                        0
                    ],
                    [
                        -72.7554430161513,
                        6.687406953367251,
                        0
                    ],
                    [
                        -72.75553039673196,
                        6.687399063631236,
                        0
                    ],
                    [
                        -72.75559292549545,
                        6.687392667694012,
                        0
                    ],
                    [
                        -72.75564182925268,
                        6.687398119900751,
                        0
                    ],
                    [
                        -72.75567788651213,
                        6.687405903421339,
                        0
                    ],
                    [
                        -72.75573949371929,
                        6.687409008476213,
                        0
                    ],
                    [
                        -72.75581595779796,
                        6.687395023422614,
                        0
                    ],
                    [
                        -72.75590475949191,
                        6.687378781087687,
                        0
                    ],
                    [
                        -72.75595112450033,
                        6.68739890566034,
                        0
                    ],
                    [
                        -72.7559975294872,
                        6.687419048124295,
                        0
                    ],
                    [
                        -72.75602932125884,
                        6.687456329788888,
                        0
                    ],
                    [
                        -72.75606506639241,
                        6.687464662269911,
                        0
                    ],
                    [
                        -72.75611103980768,
                        6.687487120985028,
                        0
                    ],
                    [
                        -72.75615910032292,
                        6.687494329299497,
                        0
                    ],
                    [
                        -72.75620713724568,
                        6.68750153446122,
                        0
                    ],
                    [
                        -72.75625322617617,
                        6.687524024598723,
                        0
                    ],
                    [
                        -72.75627447947049,
                        6.687550233604532,
                        0
                    ],
                    [
                        -72.75633680159625,
                        6.687547639813825,
                        0
                    ],
                    [
                        -72.756395252383,
                        6.687576200124515,
                        0
                    ],
                    [
                        -72.75642998611777,
                        6.687596474230881,
                        0
                    ],
                    [
                        -72.75647927892804,
                        6.687597464352672,
                        0
                    ],
                    [
                        -72.7565394799197,
                        6.687610406111382,
                        0
                    ],
                    [
                        -72.75658856644893,
                        6.687611431559669,
                        0
                    ],
                    [
                        -72.75663554107649,
                        6.687630333905547,
                        0
                    ],
                    [
                        -72.75668417597618,
                        6.687633103903389,
                        0
                    ],
                    [
                        -72.75673273155705,
                        6.68763587001203,
                        0
                    ],
                    [
                        -72.75679369269916,
                        6.687635295899626,
                        0
                    ],
                    [
                        -72.75684205719713,
                        6.687638054747865,
                        0
                    ],
                    [
                        -72.7568544976271,
                        6.687634723472077,
                        0
                    ],
                    [
                        -72.75691099014401,
                        6.687682461291383,
                        0
                    ],
                    [
                        -72.75696914525464,
                        6.687713345467628,
                        0
                    ],
                    [
                        -72.75701532520588,
                        6.687745083643059,
                        0
                    ],
                    [
                        -72.75706283036826,
                        6.687760498935715,
                        0
                    ],
                    [
                        -72.7571227460774,
                        6.687771805222347,
                        0
                    ],
                    [
                        -72.75716766709206,
                        6.687822418581554,
                        0
                    ],
                    [
                        -72.75719020375914,
                        6.687847813020125,
                        0
                    ],
                    [
                        -72.75724894173379,
                        6.687877601024106,
                        0
                    ],
                    [
                        -72.75729342454434,
                        6.687944372403773,
                        0
                    ],
                    [
                        -72.75732876985145,
                        6.687964208926194,
                        0
                    ],
                    [
                        -72.7573641429289,
                        6.687984059954656,
                        0
                    ],
                    [
                        -72.7574126848249,
                        6.687984067871175,
                        0
                    ],
                    [
                        -72.75748492861932,
                        6.68799200269575,
                        0
                    ],
                    [
                        -72.75753390056367,
                        6.687976179849125,
                        0
                    ],
                    [
                        -72.75758203517458,
                        6.687976196801218,
                        0
                    ],
                    [
                        -72.75763057745571,
                        6.687961696074707,
                        0
                    ],
                    [
                        -72.75769102332086,
                        6.687942949274448,
                        0
                    ],
                    [
                        -72.75775221271861,
                        6.687889655421894,
                        0
                    ],
                    [
                        -72.75777853574353,
                        6.687797635919107,
                        0
                    ],
                    [
                        -72.75780360599208,
                        6.687740353139001,
                        0
                    ],
                    [
                        -72.75782845256262,
                        6.68768362917115,
                        0
                    ],
                    [
                        -72.75788843473998,
                        6.687599978098643,
                        0
                    ],
                    [
                        -72.7579354698065,
                        6.687553006904466,
                        0
                    ],
                    [
                        -72.75795935814838,
                        6.687497977318504,
                        0
                    ],
                    [
                        -72.75799469641227,
                        6.687424136062813,
                        0
                    ],
                    [
                        -72.75804094315114,
                        6.687347606421874,
                        0
                    ],
                    [
                        -72.75808624336031,
                        6.687318029076463,
                        0
                    ],
                    [
                        -72.75814251389801,
                        6.687269869399248,
                        0
                    ],
                    [
                        -72.75817601801307,
                        6.687244226652144,
                        0
                    ],
                    [
                        -72.75823151369381,
                        6.687212507019503,
                        0
                    ],
                    [
                        -72.7582756876271,
                        6.687199113020189,
                        0
                    ],
                    [
                        -72.75831968523696,
                        6.687185771441103,
                        0
                    ],
                    [
                        -72.75836350760655,
                        6.68717248308119,
                        0
                    ],
                    [
                        -72.75843980742602,
                        6.687149978055333,
                        0
                    ],
                    [
                        -72.75848353650392,
                        6.687152958243518,
                        0
                    ],
                    [
                        -72.75851637743887,
                        6.68715895753025,
                        0
                    ],
                    [
                        -72.75857079739096,
                        6.687158907820096,
                        0
                    ],
                    [
                        -72.75861387875257,
                        6.687146849679726,
                        0
                    ],
                    [
                        -72.7586782059425,
                        6.687128845068712,
                        0
                    ],
                    [
                        -72.75872089624235,
                        6.687116895842338,
                        0
                    ],
                    [
                        -72.75877280776602,
                        6.687072364924942,
                        0
                    ],
                    [
                        -72.758804513898,
                        6.687063531394512,
                        0
                    ],
                    [
                        -72.75885506411144,
                        6.687004846623299,
                        0
                    ],
                    [
                        -72.75889614650474,
                        6.686978702890548,
                        0
                    ],
                    [
                        -72.75892661220473,
                        6.686955567666044,
                        0
                    ],
                    [
                        -72.75898794020061,
                        6.686924021378228,
                        0
                    ],
                    [
                        -72.75903936342254,
                        6.686909374488576,
                        0
                    ],
                    [
                        -72.75907933019985,
                        6.686882876315147,
                        0
                    ],
                    [
                        -72.75911906125843,
                        6.686856533046225,
                        0
                    ],
                    [
                        -72.75914649232864,
                        6.686805110904566,
                        0
                    ],
                    [
                        -72.75920474958994,
                        6.686759297190494,
                        0
                    ],
                    [
                        -72.75926135085697,
                        6.686700087921947,
                        0
                    ],
                    [
                        -72.75928884636646,
                        6.686663867105789,
                        0
                    ],
                    [
                        -72.7593259786347,
                        6.68662505274653,
                        0
                    ],
                    [
                        -72.75936518615543,
                        6.68661371114793,
                        0
                    ],
                    [
                        -72.759400595726,
                        6.686561804291298,
                        0
                    ],
                    [
                        -72.75944787071909,
                        6.686534647880153,
                        0
                    ],
                    [
                        -72.75947310160682,
                        6.68648679251091,
                        0
                    ],
                    [
                        -72.75951723328433,
                        6.68643400184548,
                        0
                    ],
                    [
                        -72.75955273596288,
                        6.686397348410408,
                        0
                    ],
                    [
                        -72.75957719174774,
                        6.686350700734427,
                        0
                    ],
                    [
                        -72.75960144228337,
                        6.68630444706918,
                        0
                    ],
                    [
                        -72.75961478267769,
                        6.686248459702088,
                        0
                    ],
                    [
                        -72.75963866063724,
                        6.68620304339952,
                        0
                    ],
                    [
                        -72.75966095355183,
                        6.686145548988894,
                        0
                    ],
                    [
                        -72.75969360609237,
                        6.68609853515006,
                        0
                    ],
                    [
                        -72.75972733234315,
                        6.686063981545757,
                        0
                    ],
                    [
                        -72.75976224328868,
                        6.68604175586851,
                        0
                    ],
                    [
                        -72.75976984095324,
                        6.686027086735842,
                        0
                    ],
                    [
                        -72.75987211160573,
                        6.686049253156817,
                        0
                    ],
                    [
                        -72.75996025538575,
                        6.686075274150764,
                        0
                    ],
                    [
                        -72.75999670004425,
                        6.686115825541791,
                        0
                    ],
                    [
                        -72.76001135909178,
                        6.686175639755471,
                        0
                    ],
                    [
                        -72.76002854437075,
                        6.686209390792759,
                        0
                    ],
                    [
                        -72.76006699935868,
                        6.686234761411946,
                        0
                    ],
                    [
                        -72.76009523313337,
                        6.686262450623015,
                        0
                    ],
                    [
                        -72.76012653019602,
                        6.686252170022595,
                        0
                    ],
                    [
                        -72.76018879284592,
                        6.686231717696117,
                        0
                    ],
                    [
                        -72.76022155663996,
                        6.686196505408431,
                        0
                    ],
                    [
                        -72.76026515016765,
                        6.686145830016745,
                        0
                    ],
                    [
                        -72.76031682041518,
                        6.686116978009608,
                        0
                    ],
                    [
                        -72.76035726512062,
                        6.686103860659248,
                        0
                    ],
                    [
                        -72.76040608221707,
                        6.68611267029217,
                        0
                    ],
                    [
                        -72.76044403237297,
                        6.686138033878255,
                        0
                    ],
                    [
                        -72.7604826799108,
                        6.68615115208008,
                        0
                    ],
                    [
                        -72.76051196212788,
                        6.686154848679281,
                        0
                    ],
                    [
                        -72.7605599478682,
                        6.686177379157671,
                        0
                    ],
                    [
                        -72.76059909049964,
                        6.686178189539625,
                        0
                    ],
                    [
                        -72.76064849292982,
                        6.68616387967901,
                        0
                    ],
                    [
                        -72.76068740080242,
                        6.686164701341303,
                        0
                    ],
                    [
                        -72.76072662365138,
                        6.686153314557241,
                        0
                    ],
                    [
                        -72.76077543112494,
                        6.68613914702714,
                        0
                    ],
                    [
                        -72.76081430127432,
                        6.686127863205249,
                        0
                    ],
                    [
                        -72.7608433622738,
                        6.686119055680722,
                        0
                    ],
                    [
                        -72.76090121199314,
                        6.686101396228456,
                        0
                    ],
                    [
                        -72.76093919420514,
                        6.686113227091158,
                        0
                    ],
                    [
                        -72.76096741586274,
                        6.686139815682055,
                        0
                    ],
                    [
                        -72.76100541049956,
                        6.686151645672954,
                        0
                    ],
                    [
                        -72.76104338231214,
                        6.68616346752711,
                        0
                    ],
                    [
                        -72.76108126881743,
                        6.686187399421811,
                        0
                    ],
                    [
                        -72.76111932314994,
                        6.686190208911079,
                        0
                    ],
                    [
                        -72.76114781189571,
                        6.686230961789008,
                        0
                    ],
                    [
                        -72.76116687163363,
                        6.686250262618796,
                        0
                    ],
                    [
                        -72.76121463077483,
                        6.686286664017572,
                        0
                    ],
                    [
                        -72.76121485209657,
                        6.686334867105678,
                        0
                    ],
                    [
                        -72.76118629451406,
                        6.68640275545487,
                        0
                    ],
                    [
                        -72.76115740108592,
                        6.686459084082552,
                        0
                    ],
                    [
                        -72.76113798436661,
                        6.686501426734651,
                        0
                    ],
                    [
                        -72.76111848107594,
                        6.686518665079352,
                        0
                    ],
                    [
                        -72.76111840308376,
                        6.686599638086721,
                        0
                    ],
                    [
                        -72.76110847013211,
                        6.686685798634661,
                        0
                    ],
                    [
                        -72.76110837678563,
                        6.686756587250675,
                        0
                    ],
                    [
                        -72.76110826366525,
                        6.686842599574252,
                        0
                    ],
                    [
                        -72.76109812016985,
                        6.686903033113711,
                        0
                    ],
                    [
                        -72.76109796543888,
                        6.686976327321954,
                        0
                    ],
                    [
                        -72.76108757376632,
                        6.687067935896392,
                        0
                    ],
                    [
                        -72.76108735536657,
                        6.687143166348776,
                        0
                    ],
                    [
                        -72.76108717904819,
                        6.687203987212934,
                        0
                    ],
                    [
                        -72.76107664461945,
                        6.687269035434151,
                        0
                    ],
                    [
                        -72.76105552368887,
                        6.687358146328862,
                        0
                    ],
                    [
                        -72.7610552086422,
                        6.687422937043006,
                        0
                    ],
                    [
                        -72.76105489049642,
                        6.687488385046358,
                        0
                    ],
                    [
                        -72.76104386254669,
                        6.6875759562955,
                        0
                    ],
                    [
                        -72.76102195528445,
                        6.687669698671177,
                        0
                    ],
                    [
                        -72.76102158350452,
                        6.687720661318498,
                        0
                    ],
                    [
                        -72.76100982639998,
                        6.687846237063285,
                        0
                    ],
                    [
                        -72.76100882150232,
                        6.687966002471758,
                        0
                    ],
                    [
                        -72.76100823483036,
                        6.688033562716392,
                        0
                    ],
                    [
                        -72.76100735067469,
                        6.688138282964172,
                        0
                    ],
                    [
                        -72.76100675366676,
                        6.68820898067494,
                        0
                    ],
                    [
                        -72.76100584666976,
                        6.688316380860828,
                        0
                    ],
                    [
                        -72.76134319653545,
                        6.688199970016715,
                        0
                    ],
                    [
                        -72.7614277135897,
                        6.688161482369726,
                        0
                    ],
                    [
                        -72.76161776853765,
                        6.688074966147131,
                        0
                    ],
                    [
                        -72.76167612931044,
                        6.688049438763992,
                        0
                    ],
                    [
                        -72.76174564676214,
                        6.688019031604237,
                        0
                    ],
                    [
                        -72.7618251209598,
                        6.687991273224656,
                        0
                    ],
                    [
                        -72.7618783744265,
                        6.688009753630276,
                        0
                    ],
                    [
                        -72.76192043499502,
                        6.688031897245673,
                        0
                    ],
                    [
                        -72.76195982333563,
                        6.688091047980848,
                        0
                    ],
                    [
                        -72.76198955566674,
                        6.688135699227209,
                        0
                    ],
                    [
                        -72.76202204493556,
                        6.688143169334667,
                        0
                    ],
                    [
                        -72.76206330246177,
                        6.688184326758568,
                        0
                    ],
                    [
                        -72.76211833302784,
                        6.68818429312901,
                        0
                    ],
                    [
                        -72.76216096076037,
                        6.68820677694509,
                        0
                    ],
                    [
                        -72.76221587880816,
                        6.688206719422302,
                        0
                    ],
                    [
                        -72.76225858253858,
                        6.68822921744252,
                        0
                    ],
                    [
                        -72.76230225575216,
                        6.688232914565905,
                        0
                    ],
                    [
                        -72.76234504822125,
                        6.688255443492373,
                        0
                    ],
                    [
                        -72.76238868642258,
                        6.688259127267373,
                        0
                    ],
                    [
                        -72.76244403123373,
                        6.688240203219204,
                        0
                    ],
                    [
                        -72.76249920115049,
                        6.688218820758223,
                        0
                    ],
                    [
                        -72.7625431263413,
                        6.688201501169025,
                        0
                    ],
                    [
                        -72.76259775547831,
                        6.688179961083011,
                        0
                    ],
                    [
                        -72.7626408297509,
                        6.688181363157796,
                        0
                    ],
                    [
                        -72.7626729974264,
                        6.688187056879521,
                        0
                    ],
                    [
                        -72.76272704882288,
                        6.68816564119894,
                        0
                    ],
                    [
                        -72.76274832940393,
                        6.688175596189094,
                        0
                    ],
                    [
                        -72.7628231336719,
                        6.688182672081628,
                        0
                    ],
                    [
                        -72.7628765713294,
                        6.6881613452198,
                        0
                    ],
                    [
                        -72.76291910614462,
                        6.688144370463418,
                        0
                    ],
                    [
                        -72.7629614484561,
                        6.688127056063498,
                        0
                    ],
                    [
                        -72.76299307671484,
                        6.688114104874725,
                        0
                    ],
                    [
                        -72.76304585554313,
                        6.68812840847854,
                        0
                    ],
                    [
                        -72.76307747724218,
                        6.688133398695521,
                        0
                    ],
                    [
                        -72.76311977364077,
                        6.688152022900956,
                        0
                    ],
                    [
                        -72.76317234272841,
                        6.688151336571912,
                        0
                    ],
                    [
                        -72.76322527059266,
                        6.688170200161825,
                        0
                    ],
                    [
                        -72.76323734989212,
                        6.688239171995789,
                        0
                    ],
                    [
                        -72.76324955036942,
                        6.688308837483885,
                        0
                    ],
                    [
                        -72.76325173668374,
                        6.688401402157595,
                        0
                    ],
                    [
                        -72.76325306297281,
                        6.688457559532722,
                        0
                    ],
                    [
                        -72.76325567590786,
                        6.688569934610296,
                        0
                    ],
                    [
                        -72.76325829535531,
                        6.688683419064598,
                        0
                    ],
                    [
                        -72.76326006556528,
                        6.688760117721101,
                        0
                    ],
                    [
                        -72.76326230564301,
                        6.688857185420416,
                        0
                    ],
                    [
                        -72.763264120745,
                        6.688935812812667,
                        0
                    ],
                    [
                        -72.7632654947723,
                        6.688995360003451,
                        0
                    ],
                    [
                        -72.76326827840774,
                        6.689115967063428,
                        0
                    ],
                    [
                        -72.7632702521028,
                        6.689199310580843,
                        0
                    ],
                    [
                        -72.76327295361851,
                        6.689308970378316,
                        0
                    ],
                    [
                        -72.76328643999445,
                        6.689392278892182,
                        0
                    ],
                    [
                        -72.76328864461419,
                        6.68948058019021,
                        0
                    ],
                    [
                        -72.7632914392998,
                        6.689592499755214,
                        0
                    ],
                    [
                        -72.76329485044936,
                        6.689729120827631,
                        0
                    ],
                    [
                        -72.76329905981592,
                        6.689894769219507,
                        0
                    ],
                    [
                        -72.76331490291078,
                        6.690040961037338,
                        0
                    ],
                    [
                        -72.76334242057855,
                        6.690161863513529,
                        0
                    ],
                    [
                        -72.76335752967559,
                        6.690262624354413,
                        0
                    ],
                    [
                        -72.76335911833658,
                        6.690315727847184,
                        0
                    ],
                    [
                        -72.76337528420243,
                        6.69044463350509,
                        0
                    ],
                    [
                        -72.76339157634372,
                        6.690585011723139,
                        0
                    ],
                    [
                        -72.76339227597322,
                        6.69060956369992,
                        0
                    ],
                    [
                        -72.76339830128478,
                        6.690815072045898,
                        0
                    ],
                    [
                        -72.76342638851716,
                        6.690909326100755,
                        0
                    ],
                    [
                        -72.76344228109366,
                        6.691010764230829,
                        0
                    ],
                    [
                        -72.76344587784034,
                        6.691121364871589,
                        0
                    ],
                    [
                        -72.7634505235165,
                        6.691263244859897,
                        0
                    ],
                    [
                        -72.76345420530166,
                        6.691376918916655,
                        0
                    ],
                    [
                        -72.7634582300837,
                        6.691509788771124,
                        0
                    ]
                ]
            },
            "properties": {
                "name": "RUTA_2",
                "styleUrl": "#m_ylw-pushpin",
                "styleHash": "22fec70a",
                "styleMapHash": {
                    "normal": "#s_ylw-pushpin",
                    "highlight": "#s_ylw-pushpin_hl"
                },
                "icon": "http://maps.google.com/mapfiles/kml/pushpin/ylw-pushpin.png"
            }
        }
    ]
}
